{
  "project_info": {
    "project_number": "55213551057",
    "firebase_url": "https://myproject-26b45.firebaseio.com",
    "project_id": "myproject-26b45",
    "storage_bucket": "myproject-26b45.appspot.com"
  },
  "client": [
    {
      "client_info": {
        "mobilesdk_app_id": "1:55213551057:android:f8e1b7f08281fed0f4c4f0",
        "android_client_info": {
          "package_name": "com.login_signup_screendesign_demo"
        }
      },
      "oauth_client": [
        {
          "client_id": "55213551057-f0r4lbn7nens6t82hbb13q3fekq5tijk.apps.googleusercontent.com",
          "client_type": 3
        }
      ],
      "api_key": [
        {
          "current_key": "AIzaSyC70cEfTOiHmCKkoZhjmyHDG9nkNvKs8G0"
        }
      ],
      "services": {
        "appinvite_service": {
          "other_platform_oauth_client": [
            {
              "client_id": "55213551057-f0r4lbn7nens6t82hbb13q3fekq5tijk.apps.googleusercontent.com",
              "client_type": 3
            }
          ]
        }
      }
    }
  ],
  "configuration_version": "1"
}